"site_id","region","urban","other_prog","unemp","pct_hs","income","comfort","cost"
8451,"South",TRUE,FALSE,0.072,0.805,60.429,0.465,2.203
9015,"Northeast",FALSE,FALSE,0.141,0.626,54.378,0.676,2.157
8161,"Northeast",FALSE,FALSE,0.116,0.734,58.659,0.59,2.163
9085,"South",FALSE,TRUE,0.149,0.588,45.795,0.319,2.265
8268,"South",FALSE,FALSE,0.13,0.6,48.499,0.601,2.368
1622,"West",FALSE,FALSE,0.052,0.731,62.571,0.579,1.784
1933,"Northeast",FALSE,FALSE,0.086,0.642,57.977,0.507,1.978
3947,"Northeast",TRUE,TRUE,0.068,0.717,65.073,0.441,2.143
3145,"West",FALSE,FALSE,0.083,0.722,60.059,0.446,1.985
3773,"Northcentral",FALSE,FALSE,0.129,0.649,54.931,0.373,1.982
6721,"West",FALSE,FALSE,0.118,0.658,59.104,0.38,1.784
3373,"Northeast",TRUE,TRUE,0.096,0.69,62.93,0.599,1.404
2102,"Northeast",FALSE,FALSE,0.077,0.759,61.193,0.478,2.149
5365,"South",FALSE,TRUE,0.131,0.678,46.621,0.565,2.496
4453,"South",FALSE,TRUE,0.132,0.671,48.041,0.336,2.764
3621,"West",FALSE,FALSE,0.064,0.685,60.595,0.525,1.718
4971,"Northeast",FALSE,FALSE,0.128,0.645,56.392,0.556,1.731
2684,"South",FALSE,FALSE,0.118,0.699,48.887,0.366,2.43
6331,"South",FALSE,FALSE,0.053,0.801,55.943,0.407,2.423
3999,"Northeast",TRUE,FALSE,0.105,0.634,63.026,0.638,1.946
1995,"Northeast",TRUE,FALSE,0.14,0.704,61.376,0.567,1.312
4582,"West",FALSE,FALSE,0.105,0.698,61.711,0.479,1.784
1478,"Northeast",FALSE,FALSE,0.098,0.727,58.312,0.375,1.839
1633,"South",FALSE,FALSE,0.14,0.645,47.218,0.564,2.615
1577,"South",FALSE,FALSE,0.071,0.657,49.884,0.385,1.846
4758,"West",FALSE,FALSE,0.08,0.756,62.362,0.439,1.752
4495,"West",TRUE,TRUE,0.072,0.791,66.087,0.233,1.504
5051,"South",FALSE,FALSE,0.114,0.819,51.066,0.709,2.42
8983,"Northeast",TRUE,TRUE,0.067,0.784,67.751,0.553,1.569
6227,"Northeast",FALSE,FALSE,0.06,0.784,62.773,0.582,2.278
1130,"West",FALSE,FALSE,0.092,0.717,59.922,0.395,1.76
2013,"South",FALSE,FALSE,0.094,0.681,51.288,0.661,2.569
5835,"South",FALSE,FALSE,0.056,0.688,52.788,0.554,2.383
4911,"West",FALSE,FALSE,0.055,0.789,62.744,0.564,2.482
1297,"West",FALSE,FALSE,0.097,0.738,61.973,0.453,1.562
1257,"West",TRUE,FALSE,0.075,0.698,65.849,0.566,1.102
1078,"Northcentral",FALSE,FALSE,0.088,0.64,60.83,0.445,1.596
7448,"South",FALSE,FALSE,0.103,0.747,49.275,0.536,2.644
8525,"South",FALSE,TRUE,0.059,0.759,55.609,0.419,1.942
3743,"Northeast",FALSE,FALSE,0.132,0.668,56.546,0.522,2.118
5402,"West",TRUE,FALSE,0.084,0.693,63.781,0.447,1.284
1901,"Northcentral",FALSE,FALSE,0.088,0.642,57.582,0.588,2.265
4807,"West",FALSE,FALSE,0.059,0.766,65.732,0.476,2.077
1560,"South",FALSE,TRUE,0.102,0.794,51.295,0.744,2.221
4384,"South",FALSE,FALSE,0.137,0.719,47.975,0.501,2.751
5231,"Northeast",TRUE,TRUE,0.136,0.747,61.527,0.442,1.686
8961,"Northeast",FALSE,FALSE,0.111,0.661,57.856,0.511,2.383
1958,"South",FALSE,FALSE,0.056,0.848,55.734,0.487,2.635
3170,"Northcentral",FALSE,FALSE,0.143,0.647,54.177,0.37,1.684
6895,"West",FALSE,TRUE,0.099,0.671,61.915,0.443,2.224
2257,"South",FALSE,FALSE,0.136,0.643,46.248,0.576,2.542
9799,"Northeast",FALSE,FALSE,0.099,0.692,57.69,0.413,1.796
5590,"West",FALSE,FALSE,0.061,0.805,65.245,0.531,2.148
5629,"West",FALSE,FALSE,0.137,0.583,55.043,0.422,2.059
3901,"West",FALSE,TRUE,0.11,0.686,61.288,0.637,1.781
4989,"West",TRUE,FALSE,0.098,0.776,65.11,0.461,1.654
9786,"West",FALSE,FALSE,0.116,0.679,58.639,0.605,1.525
9625,"Northcentral",FALSE,FALSE,0.069,0.688,60.647,0.384,2.348
7900,"West",FALSE,TRUE,0.143,0.67,57.154,0.227,2.038
1759,"Northcentral",FALSE,FALSE,0.053,0.75,62.742,0.485,2.349
4289,"Northeast",FALSE,TRUE,0.076,0.708,61.222,0.78,1.629
2750,"South",FALSE,FALSE,0.076,0.679,49.904,0.296,2.816
4909,"Northcentral",TRUE,FALSE,0.105,0.629,60.461,0.393,1.674
3323,"South",FALSE,FALSE,0.138,0.608,45.713,0.506,2.595
5264,"Northeast",TRUE,FALSE,0.123,0.672,61.003,0.786,1.908
2982,"Northeast",FALSE,FALSE,0.147,0.674,54.322,0.505,1.928
9764,"South",FALSE,FALSE,0.103,0.698,50.545,0.568,2.572
5959,"South",TRUE,TRUE,0.142,0.65,50.69,0.561,2.025
9517,"West",FALSE,FALSE,0.135,0.629,55.152,0.518,2.015
3532,"Northcentral",FALSE,FALSE,0.07,0.698,59.744,0.441,2.192
7603,"West",FALSE,FALSE,0.136,0.634,55.108,0.514,1.971
9971,"Northcentral",TRUE,FALSE,0.101,0.724,62.666,0.456,1.244
2910,"West",FALSE,FALSE,0.081,0.775,60.687,0.409,2.219
9091,"Northcentral",FALSE,FALSE,0.134,0.691,55.312,0.289,1.9
4090,"Northeast",FALSE,FALSE,0.064,0.795,66.33,0.569,2.311
3192,"Northeast",FALSE,FALSE,0.083,0.74,61.855,0.711,1.546
1101,"South",FALSE,FALSE,0.127,0.645,46.725,0.593,2.585
1213,"West",TRUE,TRUE,0.068,0.728,64.956,0.534,0.891
5485,"West",TRUE,FALSE,0.12,0.728,63.618,0.469,1.11
9788,"Northcentral",FALSE,FALSE,0.098,0.619,57.507,0.435,1.958
9351,"South",TRUE,TRUE,0.119,0.583,51.377,0.396,1.879
7405,"West",FALSE,TRUE,0.067,0.744,62.226,0.378,1.831
9633,"Northcentral",FALSE,FALSE,0.122,0.778,57.989,0.405,1.967
8809,"Northeast",FALSE,FALSE,0.055,0.792,64.576,0.438,1.958
1180,"West",TRUE,TRUE,0.111,0.727,62.625,0.08,1.605
5874,"Northcentral",FALSE,FALSE,0.069,0.747,62.016,0.738,1.808
8011,"South",FALSE,TRUE,0.117,0.754,48.632,0.456,2.773
9354,"West",TRUE,TRUE,0.143,0.649,59.456,0.523,1.6
5323,"South",FALSE,FALSE,0.09,0.666,49.11,0.513,2.194
6033,"West",FALSE,FALSE,0.129,0.692,59.478,0.328,2.213
6384,"Northeast",TRUE,FALSE,0.079,0.8,67.648,0.547,1.739
7570,"South",TRUE,FALSE,0.112,0.635,53.561,0.408,1.516
7677,"South",FALSE,FALSE,0.052,0.887,57.618,0.477,2.189
9231,"West",FALSE,FALSE,0.093,0.748,59.813,0.341,1.543
4612,"Northeast",TRUE,FALSE,0.095,0.727,67.18,0.702,1.87
5972,"South",FALSE,FALSE,0.082,0.675,52.318,0.132,2.715
6569,"South",TRUE,FALSE,0.098,0.708,57.636,0.629,1.91
5765,"South",FALSE,FALSE,0.095,0.69,50.851,0.389,2.608
4434,"West",FALSE,FALSE,0.14,0.675,56.097,0.484,2.284
5933,"Northcentral",FALSE,FALSE,0.11,0.608,61.691,0.621,2.012
1477,"Northeast",FALSE,FALSE,0.111,0.581,55.263,0.543,2.177
6522,"West",FALSE,FALSE,0.147,0.652,54.146,0.669,2.009
7132,"Northeast",FALSE,FALSE,0.102,0.739,63.114,0.465,1.904
1597,"Northeast",FALSE,FALSE,0.105,0.731,58.045,0.579,2.27
4990,"West",FALSE,FALSE,0.051,0.804,63.476,0.445,2.469
8611,"South",FALSE,TRUE,0.096,0.659,49.064,0.589,2.617
4474,"South",FALSE,FALSE,0.097,0.694,50.674,0.381,2.137
7214,"Northeast",TRUE,FALSE,0.116,0.75,62.076,0.464,1.357
7600,"Northeast",TRUE,TRUE,0.089,0.713,63.159,0.431,1.41
5986,"West",FALSE,FALSE,0.137,0.728,56.432,0.515,1.748
2455,"Northeast",FALSE,FALSE,0.119,0.629,55.774,0.338,2.11
7010,"South",TRUE,FALSE,0.145,0.667,55.922,0.536,1.958
9679,"Northcentral",FALSE,FALSE,0.094,0.755,59.391,0.622,1.452
4938,"West",TRUE,FALSE,0.118,0.702,65.408,0.521,1.901
9406,"West",FALSE,FALSE,0.13,0.738,56.344,0.63,2.223
9731,"West",FALSE,FALSE,0.072,0.701,60.291,0.402,2.16
4937,"South",TRUE,FALSE,0.066,0.78,57.182,0.558,1.988
5708,"South",FALSE,FALSE,0.117,0.655,52.405,0.694,2.638
6551,"Northeast",TRUE,FALSE,0.149,0.616,59.269,0.7,1.804
2858,"South",FALSE,TRUE,0.098,0.763,52.374,0.511,2.698
5423,"Northcentral",TRUE,FALSE,0.128,0.581,62.392,0.486,1.264
2170,"South",FALSE,FALSE,0.075,0.745,53.135,0.488,3.016
2724,"Northcentral",FALSE,FALSE,0.123,0.723,56.878,0.454,2.272
4779,"West",FALSE,TRUE,0.058,0.751,66.25,0.369,1.836
5345,"West",TRUE,FALSE,0.053,0.671,65.965,0.609,1.623
2990,"Northeast",FALSE,FALSE,0.13,0.696,59.807,0.317,1.899
1528,"Northeast",FALSE,TRUE,0.056,0.716,62.31,0.391,2.011
5376,"West",FALSE,FALSE,0.128,0.608,56.722,0.648,1.827
7574,"West",FALSE,FALSE,0.073,0.8,61.398,0.185,2.073
3057,"South",FALSE,FALSE,0.1,0.716,51.093,0.349,1.906
1533,"West",FALSE,FALSE,0.142,0.645,55.811,0.294,2.018
6560,"Northeast",FALSE,FALSE,0.074,0.714,59.9,0.424,1.557
9752,"Northeast",FALSE,TRUE,0.146,0.597,54.985,0.355,1.779
4416,"South",FALSE,FALSE,0.089,0.838,53.242,0.507,2.553
6711,"Northeast",FALSE,FALSE,0.087,0.61,57.813,0.745,1.944
1584,"Northcentral",TRUE,TRUE,0.066,0.735,67.801,0.479,1.605
4083,"Northcentral",FALSE,FALSE,0.054,0.776,62.319,0.314,2.123
5388,"Northeast",FALSE,FALSE,0.079,0.779,60.85,0.736,1.843
7992,"West",FALSE,FALSE,0.075,0.759,62.289,0.388,1.713
4778,"South",TRUE,FALSE,0.096,0.71,54.203,0.388,1.673
5398,"South",TRUE,TRUE,0.083,0.742,60.586,0.624,2.004
4749,"South",FALSE,FALSE,0.103,0.651,54.02,0.286,2.703
2541,"Northeast",FALSE,FALSE,0.149,0.653,54.449,0.584,2.146
5870,"South",FALSE,FALSE,0.097,0.821,52.253,0.594,2.47
4075,"Northeast",FALSE,FALSE,0.051,0.723,62.121,0.577,1.927
3090,"South",FALSE,FALSE,0.122,0.679,47.055,0.458,2.742
7332,"South",FALSE,TRUE,0.123,0.7,47.734,0.667,2.761
1910,"West",FALSE,FALSE,0.051,0.755,63.129,0.775,1.87
2936,"Northeast",FALSE,FALSE,0.065,0.721,65.79,0.653,1.366
5266,"West",FALSE,FALSE,0.148,0.548,53.584,0.545,1.386
5134,"Northeast",FALSE,TRUE,0.113,0.735,61.445,0.291,2.053
1809,"Northeast",FALSE,FALSE,0.147,0.651,54.716,0.313,1.996
1215,"West",FALSE,FALSE,0.119,0.677,60.354,0.699,2.142
6866,"West",FALSE,FALSE,0.117,0.72,59.334,0.546,2.089
2314,"South",TRUE,TRUE,0.088,0.755,56.821,0.437,2.405
7201,"West",FALSE,FALSE,0.058,0.797,65.702,0.289,2.191
2937,"Northeast",FALSE,FALSE,0.096,0.67,58.508,0.515,2.089
7538,"West",FALSE,FALSE,0.128,0.655,56.548,0.446,1.952
2207,"West",TRUE,TRUE,0.111,0.684,66.097,0.13,1.428
8904,"Northeast",FALSE,FALSE,0.051,0.737,61.909,0.631,2.16
7599,"Northeast",FALSE,TRUE,0.078,0.749,60.564,0.535,1.914
2045,"Northeast",FALSE,FALSE,0.142,0.649,54.451,0.722,2.332
4241,"Northcentral",FALSE,FALSE,0.063,0.598,60.165,0.63,2.32
8027,"South",FALSE,TRUE,0.133,0.694,48.631,0.292,2.633
1587,"Northcentral",FALSE,FALSE,0.136,0.662,55.224,0.424,2.305
9254,"Northcentral",TRUE,TRUE,0.059,0.711,67.396,0.595,1.774
9837,"Northcentral",FALSE,TRUE,0.091,0.645,57.247,0.597,1.996
2683,"South",FALSE,FALSE,0.126,0.715,52.92,0.565,2.484
1416,"West",FALSE,FALSE,0.054,0.689,62.651,0.165,1.713
5668,"Northeast",FALSE,TRUE,0.096,0.768,59.252,0.49,1.869
3933,"South",FALSE,FALSE,0.111,0.647,47.768,0.371,2.903
2093,"West",FALSE,FALSE,0.107,0.612,62.472,0.62,2.167
7202,"West",FALSE,FALSE,0.082,0.684,61.241,0.421,1.788
8810,"West",FALSE,FALSE,0.091,0.678,59.274,0.579,1.691
3250,"South",FALSE,FALSE,0.076,0.704,51.989,0.375,2.972
3016,"Northeast",TRUE,TRUE,0.111,0.706,62.73,0.616,1.373
3460,"South",TRUE,FALSE,0.125,0.639,51.206,0.545,1.972
5637,"Northcentral",FALSE,FALSE,0.136,0.669,56.715,0.668,2.229
8122,"West",FALSE,FALSE,0.13,0.632,56.152,0.412,1.804
1521,"Northcentral",FALSE,FALSE,0.072,0.677,60.097,0.56,2.372
8564,"South",FALSE,FALSE,0.098,0.747,51.993,0.3,2.796
4868,"Northeast",FALSE,FALSE,0.05,0.689,66.378,0.506,1.928
7750,"West",FALSE,FALSE,0.117,0.652,56.635,0.461,1.542
3548,"Northcentral",FALSE,TRUE,0.145,0.707,54.893,0.472,1.84
4175,"West",FALSE,FALSE,0.105,0.692,58.407,0.556,1.774
2233,"Northeast",TRUE,FALSE,0.052,0.739,72.645,0.478,1.706
7437,"Northeast",FALSE,FALSE,0.079,0.751,60.769,0.439,1.633
6540,"South",FALSE,TRUE,0.118,0.645,47.571,0.463,2.665
8327,"South",FALSE,FALSE,0.084,0.598,48.503,0.359,2.508
6851,"Northeast",FALSE,FALSE,0.102,0.737,58.217,0.458,1.675
8679,"Northeast",TRUE,TRUE,0.125,0.741,61.703,0.546,1.643
9671,"South",FALSE,FALSE,0.114,0.717,50.989,0.609,3.13
9137,"Northeast",FALSE,TRUE,0.099,0.689,58.243,0.728,2.172
2825,"South",FALSE,FALSE,0.138,0.701,50.886,0.564,2.563
2451,"Northeast",FALSE,FALSE,0.055,0.751,68.188,0.407,2.186
2130,"West",TRUE,FALSE,0.1,0.755,63.293,0.641,1.354
8844,"Northcentral",FALSE,FALSE,0.118,0.703,56.868,0.495,2.168
4960,"Northeast",FALSE,FALSE,0.118,0.723,58.814,0.574,1.79
3241,"West",TRUE,TRUE,0.105,0.649,61.103,0.689,1.343
3948,"Northeast",FALSE,FALSE,0.067,0.691,59.8,0.436,1.988
9556,"West",FALSE,FALSE,0.077,0.756,62.551,0.713,2.029
7088,"South",FALSE,TRUE,0.109,0.686,52.466,0.443,2.527
2189,"West",TRUE,FALSE,0.072,0.764,66.902,0.534,1.38
1206,"Northeast",TRUE,TRUE,0.097,0.706,64.675,0.488,1.743
4797,"South",TRUE,TRUE,0.089,0.617,52.288,0.415,1.881
6224,"West",FALSE,FALSE,0.125,0.797,58.74,0.46,2.031
6601,"West",FALSE,FALSE,0.052,0.719,61.871,0.456,1.932
5535,"Northeast",FALSE,FALSE,0.128,0.573,55.091,0.337,1.733
1990,"South",FALSE,TRUE,0.148,0.745,48.045,0.735,2.352
9442,"West",FALSE,FALSE,0.086,0.642,57.733,0.572,1.992
4635,"Northcentral",FALSE,FALSE,0.101,0.664,59.295,0.386,2.235
1612,"South",FALSE,FALSE,0.06,0.758,52.677,0.587,2.719
7606,"Northcentral",FALSE,FALSE,0.097,0.69,60.914,0.399,1.943
3966,"West",FALSE,FALSE,0.062,0.787,65.023,0.348,1.963
1140,"Northeast",TRUE,FALSE,0.125,0.632,60.326,0.388,1.28
8067,"Northeast",FALSE,FALSE,0.07,0.702,61.518,0.532,1.744
8546,"South",TRUE,FALSE,0.077,0.646,53.555,0.226,1.848
5233,"South",FALSE,FALSE,0.109,0.659,48.1,0.351,2.335
3391,"West",FALSE,FALSE,0.141,0.66,57.081,0.631,2.112
2234,"West",FALSE,FALSE,0.073,0.712,62.712,0.502,2.487
8628,"Northeast",FALSE,FALSE,0.077,0.619,58.023,0.728,1.699
1460,"South",TRUE,TRUE,0.104,0.635,52.007,0.384,2.463
2690,"West",TRUE,TRUE,0.066,0.729,69.129,0.468,1.799
5822,"Northcentral",FALSE,TRUE,0.138,0.557,53.959,0.427,1.411
1541,"Northcentral",FALSE,FALSE,0.097,0.78,59.299,0.496,2.116
7074,"Northeast",FALSE,FALSE,0.082,0.732,59.7,0.287,2.096
9018,"Northeast",FALSE,FALSE,0.096,0.724,59.71,0.416,2.194
2737,"West",TRUE,TRUE,0.125,0.734,62.51,0.599,1.235
4788,"Northeast",FALSE,FALSE,0.13,0.608,55.327,0.431,1.934
8668,"South",FALSE,FALSE,0.092,0.659,48.689,0.66,2.212
1853,"Northeast",FALSE,FALSE,0.131,0.733,57.44,0.619,2.465
2634,"Northcentral",FALSE,FALSE,0.086,0.72,59.987,0.352,2.223
9686,"Northcentral",TRUE,FALSE,0.065,0.715,65.38,0.614,1.546
7192,"South",FALSE,TRUE,0.082,0.682,53.93,0.639,2.614
7897,"Northeast",FALSE,FALSE,0.107,0.715,57.556,0.858,1.955
4540,"Northeast",FALSE,FALSE,0.102,0.698,58.142,0.317,1.883
6819,"West",FALSE,FALSE,0.113,0.679,58.761,0.506,2.024
2677,"West",FALSE,FALSE,0.081,0.75,62.809,0.155,1.812
3221,"West",FALSE,FALSE,0.07,0.738,64.024,0.133,2.048
9889,"South",FALSE,FALSE,0.136,0.631,49.644,0.482,2.373
9538,"West",FALSE,TRUE,0.126,0.721,56.662,0.459,1.986
6904,"Northeast",FALSE,TRUE,0.099,0.635,57.805,0.508,1.573
5237,"Northeast",FALSE,FALSE,0.051,0.712,61.223,0.676,2.08
9677,"Northeast",FALSE,FALSE,0.124,0.634,65.767,0.397,1.384
1117,"Northeast",FALSE,FALSE,0.089,0.623,57.147,0.413,2.294
4622,"South",FALSE,FALSE,0.145,0.615,45.943,0.59,2.782
9500,"South",FALSE,FALSE,0.126,0.734,55.083,0.641,2.295
9548,"Northcentral",FALSE,TRUE,0.119,0.674,58.732,0.788,2.153
8419,"South",FALSE,FALSE,0.147,0.706,47.043,0.24,2.401
3202,"West",FALSE,FALSE,0.056,0.703,61.325,0.63,2.134
1308,"West",FALSE,FALSE,0.085,0.797,62.042,0.265,1.701
2701,"Northeast",FALSE,FALSE,0.06,0.694,63.923,0.637,1.739
1060,"South",FALSE,FALSE,0.093,0.744,51.614,0.393,2.625
7983,"Northcentral",TRUE,TRUE,0.085,0.673,68.331,0.64,1.234
5847,"South",FALSE,FALSE,0.135,0.607,46.436,0.597,2.465
4250,"South",FALSE,TRUE,0.131,0.767,48.341,0.404,3.059
9049,"Northcentral",FALSE,FALSE,0.13,0.661,57.3,0.477,2.04
2110,"Northeast",FALSE,FALSE,0.088,0.772,65.497,0.424,1.696
4047,"West",TRUE,FALSE,0.089,0.692,62.767,0.504,1.613
9204,"Northeast",FALSE,FALSE,0.088,0.646,57.911,0.577,2.186
5732,"West",TRUE,TRUE,0.054,0.752,70.379,0.536,1.301
3573,"Northeast",TRUE,TRUE,0.117,0.687,63.287,0.51,1.671
1040,"West",FALSE,FALSE,0.143,0.701,59.713,0.651,1.981
1771,"Northcentral",TRUE,FALSE,0.102,0.654,61.352,0.441,1.602
2545,"West",FALSE,FALSE,0.146,0.771,56.618,0.662,1.871
4959,"West",FALSE,FALSE,0.101,0.683,58.15,0.427,1.52
9012,"Northcentral",FALSE,FALSE,0.094,0.72,61.085,0.506,1.966
5841,"West",FALSE,FALSE,0.091,0.749,61.398,0.434,2.21
1754,"Northcentral",FALSE,FALSE,0.06,0.632,59.146,0.632,1.719
9852,"West",FALSE,FALSE,0.136,0.667,56.487,0.383,2.005
7510,"Northeast",FALSE,FALSE,0.147,0.554,52.934,0.474,1.913
1874,"West",FALSE,FALSE,0.097,0.741,63.744,0.555,2.063
4802,"South",FALSE,FALSE,0.094,0.728,49.467,0.519,2.476
6754,"West",FALSE,TRUE,0.113,0.69,56.82,0.659,1.868
7832,"West",FALSE,FALSE,0.118,0.674,62.417,0.438,1.967
6502,"West",FALSE,FALSE,0.119,0.643,59.735,0.519,1.581
7925,"Northcentral",FALSE,FALSE,0.133,0.687,55.578,0.218,2.04
7285,"West",FALSE,FALSE,0.113,0.611,55.219,0.464,1.697
4345,"Northcentral",FALSE,FALSE,0.064,0.764,62.773,0.347,2.543
7911,"Northcentral",FALSE,FALSE,0.112,0.639,57.938,0.515,1.89
4285,"South",TRUE,FALSE,0.09,0.752,55.96,0.414,2.304
7284,"South",FALSE,FALSE,0.065,0.712,51.614,0.424,2.748
6214,"Northcentral",FALSE,FALSE,0.073,0.675,61.111,0.712,1.741
9382,"West",TRUE,FALSE,0.149,0.641,63.887,0.301,2.092
3890,"South",FALSE,FALSE,0.085,0.729,50.449,0.564,2.614
7914,"Northeast",FALSE,FALSE,0.12,0.65,57.103,0.469,1.882
7058,"Northeast",TRUE,FALSE,0.121,0.665,60.738,0.413,1.352
8241,"Northcentral",FALSE,FALSE,0.061,0.762,69.388,0.549,1.939
3217,"South",FALSE,FALSE,0.147,0.674,46.454,0.351,2.636
7673,"Northcentral",FALSE,FALSE,0.145,0.635,54.962,0.517,1.981
6785,"West",FALSE,FALSE,0.124,0.679,57.308,0.483,1.721
6379,"Northeast",FALSE,TRUE,0.091,0.633,61.209,0.533,1.356
6598,"Northeast",TRUE,TRUE,0.066,0.703,66.121,0.471,1.529
8444,"South",FALSE,TRUE,0.143,0.663,49.117,0.43,2.207
5129,"Northeast",FALSE,FALSE,0.056,0.73,63.025,0.445,1.984
4726,"West",TRUE,FALSE,0.133,0.719,61.217,0.38,1.522
3551,"South",FALSE,FALSE,0.134,0.743,50.789,0.356,2.873
3609,"West",FALSE,TRUE,0.089,0.716,58.747,0.498,1.939
9767,"West",FALSE,FALSE,0.087,0.701,58.76,0.666,1.972
1165,"West",TRUE,FALSE,0.102,0.701,63.349,0.643,1.711
9167,"West",FALSE,FALSE,0.091,0.713,59.35,0.352,1.763
4176,"South",TRUE,TRUE,0.071,0.75,57.54,0.702,1.91
8698,"West",FALSE,TRUE,0.14,0.637,55.168,0.549,2.007
1935,"Northeast",TRUE,FALSE,0.053,0.741,66.291,0.646,1.392
9541,"Northeast",FALSE,FALSE,0.118,0.672,57.122,0.681,2.5
8294,"West",FALSE,FALSE,0.069,0.67,61.504,0.765,1.954
6150,"West",FALSE,FALSE,0.142,0.632,55.012,0.407,2.608
1490,"Northeast",FALSE,FALSE,0.102,0.686,57.474,0.415,2.402
3662,"West",FALSE,FALSE,0.12,0.641,55.49,0.582,2.05
6772,"West",FALSE,TRUE,0.086,0.835,62.075,0.486,1.994
3608,"Northeast",TRUE,TRUE,0.133,0.669,59.76,0.35,1.617
9202,"West",FALSE,TRUE,0.127,0.722,57.165,0.48,1.948
6268,"South",TRUE,TRUE,0.132,0.668,50.688,0.571,2.406
8516,"Northeast",FALSE,FALSE,0.088,0.753,62.462,0.331,1.767
8377,"Northcentral",TRUE,TRUE,0.051,0.713,66.573,0.361,1.75
3758,"Northcentral",FALSE,FALSE,0.063,0.774,62.022,0.493,1.737
8361,"Northeast",FALSE,FALSE,0.109,0.642,57.816,0.547,2.475
4893,"South",FALSE,FALSE,0.07,0.688,51.163,0.265,2.365
9210,"South",FALSE,FALSE,0.062,0.775,52.361,0.447,2.419
4534,"Northeast",FALSE,FALSE,0.051,0.738,61.812,0.654,1.953
4947,"West",TRUE,FALSE,0.07,0.788,65.937,0.495,1.484
4348,"West",FALSE,FALSE,0.131,0.671,55.293,0.416,2.16
5330,"South",FALSE,TRUE,0.073,0.643,56.186,0.66,2.741
6753,"Northcentral",FALSE,FALSE,0.119,0.715,62.486,0.47,1.786
1792,"Northcentral",TRUE,FALSE,0.086,0.751,66.124,0.499,1.813
5764,"Northcentral",FALSE,TRUE,0.11,0.708,59.957,0.347,1.74
9955,"Northeast",TRUE,TRUE,0.146,0.701,60.817,0.249,1.51
3534,"Northeast",TRUE,TRUE,0.105,0.692,61.639,0.374,2.089
8099,"Northcentral",TRUE,FALSE,0.147,0.613,58.362,0.491,2.012
2143,"South",FALSE,TRUE,0.115,0.73,49.033,0.294,2.506
8606,"South",FALSE,FALSE,0.081,0.748,50.554,0.61,2.272
9390,"West",FALSE,FALSE,0.076,0.761,63.07,0.475,1.863
8863,"Northeast",FALSE,FALSE,0.148,0.553,57.222,0.675,2.232
7308,"South",FALSE,TRUE,0.059,0.778,54.513,0.613,2.436
8007,"South",FALSE,FALSE,0.125,0.74,49.139,0.615,2.413
9740,"South",TRUE,FALSE,0.102,0.701,53.682,0.411,1.775
9009,"South",FALSE,TRUE,0.071,0.772,51.682,0.282,2.42
3029,"Northeast",TRUE,FALSE,0.081,0.769,65.216,0.216,0.948
4967,"South",FALSE,TRUE,0.137,0.696,48.221,0.451,2.901
7141,"South",TRUE,FALSE,0.118,0.643,51.139,0.528,2.493
1617,"South",TRUE,FALSE,0.147,0.692,52.795,0.35,2.244
1534,"Northeast",FALSE,FALSE,0.125,0.612,59.104,0.607,2.143
4470,"West",TRUE,FALSE,0.13,0.654,59.445,0.78,1.43
4735,"South",FALSE,TRUE,0.062,0.705,50.864,0.548,2.483
6120,"West",FALSE,FALSE,0.067,0.714,60.348,0.403,1.83
9432,"Northeast",FALSE,FALSE,0.056,0.788,63.952,0.661,2.231
6075,"Northcentral",TRUE,FALSE,0.096,0.732,66.52,0.475,1.43
2790,"South",FALSE,FALSE,0.14,0.655,46.405,0.436,2.473
4269,"Northcentral",FALSE,TRUE,0.09,0.635,63.345,0.415,2.446
5948,"Northeast",FALSE,TRUE,0.062,0.74,63.956,0.339,1.914
6676,"South",FALSE,FALSE,0.069,0.724,52.04,0.54,2.828
5014,"South",FALSE,FALSE,0.062,0.681,50.625,0.723,2.702
7491,"West",FALSE,FALSE,0.07,0.684,59.216,0.275,1.797
8036,"South",FALSE,TRUE,0.1,0.708,50.097,0.876,3.138
4936,"West",FALSE,FALSE,0.141,0.628,56.258,0.372,1.967
6538,"Northcentral",FALSE,FALSE,0.059,0.701,60.403,0.396,2.199
3437,"South",FALSE,FALSE,0.102,0.659,49.428,0.35,2.065
7131,"West",FALSE,FALSE,0.115,0.62,56.89,0.6,2.291
1575,"Northcentral",FALSE,FALSE,0.064,0.736,60.757,0.39,2.045
6854,"South",TRUE,FALSE,0.072,0.672,56.21,0.379,1.777
4729,"West",FALSE,FALSE,0.093,0.725,59.428,0.493,1.681
1632,"Northeast",FALSE,FALSE,0.141,0.629,59.577,0.534,2.281
4733,"West",TRUE,TRUE,0.07,0.737,67.23,0.286,1.501
7965,"Northcentral",FALSE,TRUE,0.056,0.796,62.466,0.422,1.736
4728,"West",FALSE,FALSE,0.121,0.749,58.335,0.662,2.488
1785,"Northeast",FALSE,FALSE,0.127,0.52,52.898,0.345,2.425
4585,"Northeast",FALSE,FALSE,0.119,0.759,59.035,0.41,1.926
8242,"Northeast",FALSE,FALSE,0.084,0.72,60.178,0.561,2.118
1569,"Northcentral",FALSE,FALSE,0.147,0.653,55.978,0.455,2.023
8865,"Northeast",TRUE,FALSE,0.148,0.641,62.943,0.351,1.533
3182,"South",FALSE,TRUE,0.067,0.702,54.866,0.684,2.268
9658,"Northeast",FALSE,TRUE,0.083,0.72,59.347,0.473,2.198
8539,"Northeast",FALSE,TRUE,0.075,0.66,59.68,0.458,2.022
5298,"Northeast",FALSE,FALSE,0.065,0.822,64.307,0.422,1.541
4231,"Northeast",FALSE,TRUE,0.064,0.732,63.001,0.435,1.838
4405,"Northcentral",FALSE,FALSE,0.078,0.677,59.454,0.333,2.23
1789,"Northeast",FALSE,TRUE,0.116,0.711,58.743,0.504,2.273
3271,"South",FALSE,FALSE,0.102,0.652,50.13,0.327,2.246
9397,"West",FALSE,FALSE,0.116,0.677,56.507,0.269,1.824
7006,"Northeast",FALSE,FALSE,0.091,0.702,59.068,0.455,1.901
8227,"West",FALSE,FALSE,0.103,0.656,59.969,0.463,2.142
9477,"West",FALSE,FALSE,0.075,0.77,63.532,0.507,2.322
3850,"South",TRUE,FALSE,0.063,0.689,55.504,0.659,1.94
6262,"West",FALSE,FALSE,0.096,0.716,58.364,0.532,2.105
6109,"Northeast",FALSE,FALSE,0.146,0.69,56.373,0.705,1.781
9105,"Northeast",FALSE,FALSE,0.106,0.629,57.25,0.426,2.356
2810,"South",FALSE,TRUE,0.093,0.791,51.636,0.695,2.274
3623,"South",TRUE,FALSE,0.051,0.688,58.515,0.49,1.617
9716,"South",TRUE,FALSE,0.13,0.713,52.205,0.469,2.213
1599,"West",TRUE,FALSE,0.056,0.761,68.598,0.439,1.297
1624,"Northeast",FALSE,FALSE,0.057,0.723,63.351,0.393,2.012
6799,"Northcentral",FALSE,FALSE,0.055,0.665,60.795,0.389,1.962
5494,"South",TRUE,TRUE,0.139,0.69,51.426,0.501,2.008
3969,"Northcentral",FALSE,FALSE,0.129,0.752,56.692,0.358,2.097
4471,"West",FALSE,FALSE,0.127,0.706,59.448,0.555,1.851
1673,"West",FALSE,FALSE,0.089,0.664,61.131,0.314,1.751
7464,"Northeast",TRUE,FALSE,0.104,0.575,59.749,0.456,1.306
8630,"South",FALSE,FALSE,0.092,0.652,52.464,0.536,2.712
4686,"Northeast",FALSE,FALSE,0.113,0.556,60.368,0.258,2.234
5477,"Northeast",FALSE,TRUE,0.143,0.687,54.753,0.445,2.262
8662,"Northcentral",FALSE,FALSE,0.139,0.675,55.63,0.481,1.577
7514,"Northeast",FALSE,TRUE,0.063,0.714,60.212,0.463,2.162
5902,"South",FALSE,FALSE,0.098,0.747,50.396,0.427,2.5
7620,"South",FALSE,FALSE,0.148,0.707,48.61,0.777,2.588
1351,"Northcentral",FALSE,FALSE,0.112,0.664,61.319,0.598,2.01
7133,"West",FALSE,FALSE,0.09,0.702,58.552,0.641,2.012
4614,"Northcentral",FALSE,FALSE,0.063,0.725,64.805,0.699,1.834
1800,"South",FALSE,FALSE,0.057,0.753,55.109,0.527,2.558
7504,"West",TRUE,FALSE,0.066,0.714,65.831,0.287,1.702
3694,"South",FALSE,TRUE,0.068,0.729,53.086,0.461,2.397
8910,"West",FALSE,FALSE,0.061,0.798,63.243,0.507,2.023
3858,"Northcentral",TRUE,FALSE,0.089,0.662,67.86,0.526,2.147
4746,"South",FALSE,FALSE,0.114,0.664,49.06,0.157,2.467
2414,"West",TRUE,TRUE,0.121,0.637,59.628,0.369,1.523
7474,"South",TRUE,FALSE,0.133,0.655,50.724,0.355,2.107
5299,"South",FALSE,FALSE,0.091,0.785,51.877,0.612,2.387
7027,"Northeast",FALSE,TRUE,0.08,0.703,61.372,0.755,1.98
1056,"South",TRUE,FALSE,0.069,0.659,55.549,0.676,1.823
4448,"Northcentral",FALSE,FALSE,0.083,0.727,64.178,0.604,1.917
6613,"South",TRUE,TRUE,0.064,0.741,58.198,0.448,2.35
8869,"Northeast",FALSE,TRUE,0.061,0.754,62.612,0.635,2.138
8541,"Northeast",FALSE,FALSE,0.125,0.697,57.572,0.7,1.876
3179,"South",TRUE,TRUE,0.121,0.673,51.725,0.268,1.683
1262,"Northcentral",FALSE,FALSE,0.095,0.797,60.393,0.606,1.823
6068,"South",FALSE,FALSE,0.105,0.718,50.218,0.595,2.478
3015,"South",FALSE,FALSE,0.111,0.693,48.006,0.485,2.472
8243,"West",TRUE,FALSE,0.124,0.684,63.627,0.371,1.603
5798,"South",FALSE,FALSE,0.093,0.707,50.796,0.632,2.201
4212,"South",FALSE,FALSE,0.082,0.681,49.258,0.478,2.682
4309,"Northeast",FALSE,FALSE,0.057,0.711,69.996,0.601,2.329
7884,"West",FALSE,TRUE,0.113,0.693,56.98,0.283,1.912
6706,"Northcentral",FALSE,FALSE,0.134,0.663,55.912,0.754,2.073
5725,"South",TRUE,FALSE,0.068,0.739,62.391,0.361,1.718
9120,"Northeast",FALSE,FALSE,0.105,0.737,58.925,0.495,1.921
1703,"South",FALSE,FALSE,0.111,0.609,51.675,0.4,2.591
5318,"South",TRUE,TRUE,0.144,0.677,51.407,0.865,1.941
6337,"West",FALSE,FALSE,0.15,0.727,55.076,0.375,2.118
8354,"West",FALSE,FALSE,0.146,0.665,55.813,0.372,1.933
4704,"West",FALSE,FALSE,0.101,0.705,57.752,0.444,2.283
1022,"South",TRUE,FALSE,0.106,0.678,59.996,0.309,2.259
3620,"West",FALSE,FALSE,0.061,0.765,62.328,0.562,1.957
8528,"West",FALSE,FALSE,0.09,0.691,58.427,0.438,2.042
2955,"West",FALSE,FALSE,0.101,0.749,59.53,0.364,2.427
3297,"Northeast",FALSE,FALSE,0.051,0.756,63.308,0.632,1.884
2328,"West",FALSE,TRUE,0.098,0.768,59.281,0.466,1.935
1952,"South",FALSE,FALSE,0.099,0.703,50.18,0.192,2.092
1382,"South",FALSE,FALSE,0.107,0.693,50.42,0.339,2.447
5740,"Northeast",FALSE,FALSE,0.094,0.684,60.013,0.644,1.904
8513,"Northeast",FALSE,FALSE,0.106,0.742,58.841,0.677,1.907
8205,"Northeast",FALSE,FALSE,0.143,0.595,56.51,0.541,1.787
8958,"West",FALSE,FALSE,0.083,0.68,61.32,0.684,1.861
1945,"Northcentral",FALSE,FALSE,0.077,0.718,61.273,0.471,1.975
3339,"Northeast",FALSE,FALSE,0.094,0.682,61.553,0.532,1.971
6684,"West",TRUE,TRUE,0.137,0.647,60.219,0.527,1.244
5564,"Northcentral",TRUE,FALSE,0.141,0.612,57.833,0.467,1.67
4996,"South",FALSE,FALSE,0.074,0.658,49.847,0.338,2.622
9315,"Northcentral",TRUE,TRUE,0.122,0.753,64.818,0.28,1.13
4427,"Northeast",FALSE,FALSE,0.085,0.732,59.654,0.251,1.645
4621,"Northcentral",FALSE,TRUE,0.089,0.707,58.771,0.405,2.222
6216,"South",FALSE,FALSE,0.111,0.67,47.6,0.679,2.318
9096,"South",FALSE,FALSE,0.055,0.695,52.173,0.55,2.358
3594,"Northeast",FALSE,TRUE,0.129,0.675,55.735,0.298,2.077
2040,"Northeast",FALSE,FALSE,0.123,0.667,56.13,0.529,2.477
4056,"South",FALSE,FALSE,0.094,0.761,50.052,0.281,2.747
4488,"South",FALSE,FALSE,0.096,0.649,48.882,0.277,2.574
8955,"West",FALSE,TRUE,0.136,0.676,55.406,0.268,1.834
2500,"Northeast",FALSE,FALSE,0.11,0.761,60.872,0.58,2.099
4716,"West",FALSE,FALSE,0.145,0.629,57.874,0.559,1.998
9094,"West",TRUE,FALSE,0.106,0.774,65.134,0.468,1.54
8082,"Northeast",FALSE,FALSE,0.09,0.679,58.766,0.664,2.351
9868,"West",FALSE,TRUE,0.133,0.637,54.657,0.548,2.205
5321,"West",FALSE,FALSE,0.062,0.752,61.122,0.347,1.889
3973,"West",FALSE,FALSE,0.052,0.749,62.295,0.693,1.932
4014,"West",FALSE,FALSE,0.097,0.702,58.14,0.568,2.038
7876,"West",TRUE,TRUE,0.09,0.725,63.576,0.387,0.853
3503,"West",TRUE,TRUE,0.135,0.623,59.83,0.457,1.471
2370,"Northeast",FALSE,FALSE,0.059,0.784,62.11,0.541,1.961
8253,"South",FALSE,TRUE,0.078,0.782,52.272,0.255,2.705
2802,"Northeast",FALSE,FALSE,0.071,0.792,64.532,0.466,1.324
2425,"Northeast",FALSE,TRUE,0.102,0.592,56.301,0.641,2.128
3066,"Northeast",FALSE,FALSE,0.08,0.745,59.92,0.496,1.676
4343,"South",FALSE,FALSE,0.122,0.636,47.239,0.378,2.009
2055,"West",FALSE,FALSE,0.112,0.793,60.037,0.3,2.093
7642,"West",FALSE,FALSE,0.089,0.74,60.353,0.504,1.618
6635,"Northeast",FALSE,FALSE,0.076,0.711,59.7,0.391,2.042
1605,"Northcentral",FALSE,FALSE,0.075,0.676,60.381,0.508,1.684
6088,"West",FALSE,FALSE,0.067,0.818,62.373,0.355,1.312
1102,"South",FALSE,FALSE,0.092,0.74,52.003,0.227,2.542
3702,"Northcentral",TRUE,FALSE,0.073,0.678,64.228,0.794,1.207
5468,"West",TRUE,FALSE,0.13,0.669,61.736,0.599,1.317
3572,"South",FALSE,FALSE,0.108,0.677,48.381,0.653,2.389
7484,"South",FALSE,FALSE,0.057,0.729,52.74,0.488,2.288
2016,"West",FALSE,FALSE,0.068,0.712,61.266,0.556,1.711
7908,"Northcentral",FALSE,FALSE,0.068,0.657,63.145,0.539,1.757
9368,"Northcentral",FALSE,TRUE,0.077,0.788,66.353,0.466,1.906
6995,"Northcentral",TRUE,TRUE,0.072,0.644,63.76,0.63,1.317
6081,"Northcentral",FALSE,FALSE,0.081,0.7,61.543,0.697,2.364
9356,"South",FALSE,FALSE,0.058,0.808,53.288,0.529,2.706
8826,"Northeast",TRUE,TRUE,0.139,0.574,57.78,0.461,1.651
2727,"South",FALSE,FALSE,0.074,0.67,50.627,0.354,2.753
7025,"Northeast",FALSE,FALSE,0.062,0.666,60.17,0.505,2.175
1398,"South",FALSE,FALSE,0.15,0.665,46.514,0.667,2.524
2778,"South",FALSE,FALSE,0.104,0.711,49.232,0.572,2.136
4018,"South",FALSE,FALSE,0.061,0.689,53.897,0.266,1.799
1488,"South",FALSE,FALSE,0.054,0.743,52.013,0.455,2.842
5606,"South",FALSE,FALSE,0.057,0.706,51.256,0.645,2.475
8520,"South",FALSE,FALSE,0.136,0.718,47.901,0.541,2.644
6241,"South",FALSE,FALSE,0.063,0.749,53.389,0.529,2.66
4119,"West",FALSE,FALSE,0.068,0.777,63.804,0.706,2.162
3735,"Northeast",TRUE,FALSE,0.081,0.729,64.408,0.517,1.981
6970,"Northeast",FALSE,FALSE,0.097,0.727,61.238,0.217,1.939
1539,"Northeast",FALSE,FALSE,0.058,0.648,59.398,0.381,1.676
1485,"West",FALSE,FALSE,0.054,0.74,62.387,0.531,1.952
4378,"West",FALSE,FALSE,0.13,0.654,55.8,0.469,1.735
7397,"South",FALSE,FALSE,0.095,0.615,51.105,0.635,2.484
2709,"West",FALSE,FALSE,0.093,0.742,64.539,0.603,2.271
7994,"Northeast",TRUE,TRUE,0.054,0.669,65.516,0.505,1.556
7692,"South",FALSE,TRUE,0.056,0.75,52.036,0.646,2.824
9659,"Northeast",FALSE,FALSE,0.131,0.632,54.834,0.57,1.721
1473,"Northcentral",FALSE,FALSE,0.074,0.832,65.505,0.389,2.049
6810,"Northeast",FALSE,FALSE,0.093,0.641,59.947,0.362,2.039
6476,"South",FALSE,FALSE,0.09,0.658,48.887,0.509,2.45
5122,"West",FALSE,TRUE,0.136,0.697,55.824,0.604,1.781
2149,"South",FALSE,FALSE,0.104,0.638,49.569,0.479,2.036
8049,"Northcentral",FALSE,TRUE,0.131,0.543,53.82,0.381,2.421
3213,"Northeast",FALSE,FALSE,0.135,0.622,57.603,0.434,2.122
3325,"South",FALSE,FALSE,0.102,0.707,48.894,0.47,2.185
9138,"South",TRUE,FALSE,0.092,0.644,55.252,0.259,2.137
8691,"South",FALSE,FALSE,0.097,0.685,50.898,0.429,2.389
4743,"South",FALSE,FALSE,0.055,0.778,56.89,0.527,2.356
5635,"Northcentral",FALSE,FALSE,0.13,0.629,54.581,0.58,2.045
7895,"South",FALSE,FALSE,0.117,0.614,46.795,0.723,2.446
4010,"Northcentral",FALSE,FALSE,0.087,0.625,57.733,0.691,2.217
8456,"West",FALSE,FALSE,0.079,0.755,61.027,0.445,2.055
8976,"West",TRUE,FALSE,0.052,0.757,67.636,0.482,1.173
3839,"West",TRUE,TRUE,0.063,0.822,69.322,0.526,1.364
4000,"West",FALSE,TRUE,0.075,0.785,65.144,0.251,1.929
5442,"West",TRUE,TRUE,0.137,0.62,59.844,0.505,1.105
7049,"Northcentral",FALSE,FALSE,0.133,0.691,56.139,0.552,1.651
6254,"Northcentral",FALSE,FALSE,0.065,0.768,61.799,0.581,2.143
1207,"West",FALSE,TRUE,0.08,0.697,62.856,0.62,1.803
2293,"Northcentral",FALSE,FALSE,0.138,0.644,54.415,0.324,1.838
6556,"West",FALSE,FALSE,0.064,0.694,63.659,0.523,1.735
9833,"Northeast",FALSE,TRUE,0.094,0.688,58.84,0.314,2.079
6019,"Northcentral",FALSE,FALSE,0.082,0.799,66.33,0.434,1.948
1152,"South",TRUE,FALSE,0.133,0.648,51.124,0.45,2.437
3584,"West",TRUE,FALSE,0.101,0.721,69.259,0.545,1.737
7523,"West",FALSE,FALSE,0.127,0.704,56.905,0.56,2.057
1085,"Northeast",FALSE,FALSE,0.092,0.725,58.612,0.637,1.843
2142,"Northeast",FALSE,FALSE,0.092,0.682,58.382,0.632,2.115
5586,"Northcentral",FALSE,FALSE,0.067,0.703,60.522,0.542,1.7
6743,"Northeast",FALSE,TRUE,0.148,0.697,55.819,0.465,1.939
8231,"South",FALSE,FALSE,0.141,0.717,46.781,0.611,1.879
9516,"West",FALSE,FALSE,0.122,0.633,55.131,0.45,1.582
1725,"South",FALSE,FALSE,0.109,0.666,50.25,0.714,2.554
8034,"South",FALSE,FALSE,0.075,0.755,51.644,0.718,2.241
8703,"South",TRUE,FALSE,0.105,0.763,56.259,0.465,1.758
5152,"Northeast",FALSE,TRUE,0.092,0.704,58.893,0.786,1.859
5192,"West",FALSE,TRUE,0.09,0.713,58.606,0.355,2.076
7946,"West",FALSE,FALSE,0.092,0.701,58.487,0.514,1.972
9157,"Northeast",FALSE,FALSE,0.072,0.825,63.307,0.734,2.482
7579,"Northeast",FALSE,TRUE,0.141,0.674,55.172,0.407,2.191
8062,"Northeast",FALSE,FALSE,0.128,0.742,59.455,0.655,2.387
9100,"West",FALSE,FALSE,0.14,0.69,59.022,0.356,1.577
3129,"West",FALSE,FALSE,0.108,0.776,60.749,0.302,1.95
1224,"West",FALSE,FALSE,0.144,0.656,55.538,0.649,1.738
9915,"Northcentral",FALSE,FALSE,0.074,0.759,65.702,0.24,1.617
4637,"Northcentral",FALSE,FALSE,0.147,0.564,53.912,0.511,1.709
9445,"Northeast",TRUE,FALSE,0.081,0.768,65.83,0.372,1.218
1860,"West",FALSE,FALSE,0.112,0.69,61.921,0.473,2.022
1034,"Northcentral",TRUE,FALSE,0.143,0.67,59.509,0.551,1.603
4263,"West",FALSE,FALSE,0.103,0.702,58.33,0.502,1.816
3521,"Northeast",FALSE,TRUE,0.07,0.754,60.741,0.148,2.096
8491,"Northcentral",FALSE,FALSE,0.135,0.716,56.476,0.312,2.099
2307,"West",FALSE,FALSE,0.139,0.668,55.167,0.449,1.893
6896,"South",FALSE,FALSE,0.124,0.747,50.161,0.403,1.938
9540,"South",FALSE,FALSE,0.077,0.726,50.374,0.461,2.524
3673,"Northeast",FALSE,FALSE,0.125,0.598,60.288,0.574,1.85
6167,"West",FALSE,TRUE,0.065,0.7,60.628,0.397,2.305
3744,"West",FALSE,FALSE,0.094,0.699,63.983,0.609,1.642
1823,"West",TRUE,TRUE,0.101,0.711,62.988,0.627,1.857
4519,"Northcentral",FALSE,FALSE,0.141,0.655,56.988,0.56,2.045
3520,"Northcentral",FALSE,TRUE,0.102,0.656,57.275,0.506,2.098
8623,"Northeast",FALSE,FALSE,0.122,0.679,56.528,0.469,2.369
6932,"South",FALSE,FALSE,0.08,0.731,53.461,0.938,2.927
6447,"Northcentral",FALSE,FALSE,0.135,0.638,54.83,0.375,1.907
6917,"Northcentral",FALSE,TRUE,0.125,0.702,56.631,0.506,2.224
9977,"South",FALSE,TRUE,0.095,0.699,49.019,0.529,2.499
5730,"West",FALSE,FALSE,0.076,0.776,61.349,0.62,2.336
2240,"South",FALSE,FALSE,0.1,0.778,51.664,0.709,2.438
3301,"South",FALSE,FALSE,0.085,0.68,52.304,0.495,2.24
8592,"South",TRUE,FALSE,0.068,0.767,56.545,0.535,2.31
3112,"South",FALSE,FALSE,0.084,0.792,51.234,0.25,2.409
3529,"Northcentral",TRUE,FALSE,0.131,0.658,62.96,0.947,1.264
6079,"Northcentral",TRUE,TRUE,0.083,0.732,64.084,0.544,1.404
3526,"Northcentral",TRUE,TRUE,0.06,0.816,67.558,0.556,1.368
6391,"Northeast",TRUE,TRUE,0.077,0.692,64.186,0.786,1.902
3003,"Northcentral",TRUE,FALSE,0.059,0.757,68.642,0.515,1.383
9316,"Northeast",FALSE,FALSE,0.119,0.72,56.871,0.317,2.296
8028,"Northeast",FALSE,TRUE,0.14,0.617,59.637,0.474,1.936
2072,"Northcentral",TRUE,FALSE,0.08,0.688,65.096,0.53,2.146
5428,"West",FALSE,TRUE,0.05,0.743,61.994,0.313,1.943
6650,"South",FALSE,FALSE,0.113,0.749,49.956,0.38,2.246
1136,"South",FALSE,TRUE,0.123,0.731,49.016,0.342,2.744
6237,"Northeast",FALSE,FALSE,0.071,0.851,65.071,0.549,1.946
9717,"Northeast",FALSE,FALSE,0.062,0.72,61.362,0.495,1.602
5747,"West",TRUE,TRUE,0.083,0.751,65.389,0.729,1.505
3820,"West",FALSE,FALSE,0.136,0.649,55.162,0.517,1.956
7610,"Northcentral",FALSE,FALSE,0.086,0.806,60.911,0.459,1.848
1997,"South",FALSE,FALSE,0.112,0.65,48.473,0.651,2.411
8270,"South",TRUE,FALSE,0.118,0.743,55.429,0.46,2.319
8495,"West",FALSE,FALSE,0.103,0.726,59.739,0.626,2.177
5181,"Northeast",FALSE,FALSE,0.076,0.691,60.49,0.514,2.027
8440,"Northcentral",FALSE,FALSE,0.121,0.63,58.444,0.67,1.932
3506,"South",FALSE,TRUE,0.124,0.709,49.641,0.367,2.585
7854,"Northcentral",FALSE,TRUE,0.11,0.707,59.611,0.526,2.136
8412,"Northeast",FALSE,TRUE,0.105,0.707,59.854,0.379,1.75
1701,"Northeast",FALSE,FALSE,0.08,0.752,60.94,0.604,1.851
1227,"South",FALSE,FALSE,0.125,0.676,47.888,0.374,2.149
2650,"West",FALSE,FALSE,0.062,0.807,62.344,0.606,1.575
6202,"West",FALSE,FALSE,0.059,0.725,60.811,0.701,1.844
2002,"Northcentral",FALSE,FALSE,0.106,0.686,57.414,0.427,2.445
6585,"West",FALSE,FALSE,0.101,0.726,60.939,0.622,2.126
1815,"Northcentral",TRUE,FALSE,0.081,0.728,64.029,0.679,1.046
1810,"South",TRUE,FALSE,0.102,0.616,51.909,0.627,1.675
6172,"Northeast",FALSE,TRUE,0.123,0.732,57.094,0.659,1.612
2543,"Northeast",FALSE,FALSE,0.124,0.702,58.394,0.588,2.027
1545,"Northcentral",FALSE,FALSE,0.063,0.87,65.835,0.434,1.816
2410,"Northcentral",FALSE,FALSE,0.144,0.729,57.623,0.264,2.514
9246,"South",FALSE,FALSE,0.055,0.706,53.759,0.662,2.647
8046,"South",FALSE,FALSE,0.108,0.744,51.552,0.562,2.267
9165,"Northeast",FALSE,FALSE,0.117,0.586,55.365,0.541,2.409
5101,"South",FALSE,FALSE,0.078,0.688,53.357,0.393,2.614
4818,"Northeast",FALSE,TRUE,0.141,0.67,54.834,0.401,2.503
2844,"Northcentral",FALSE,FALSE,0.09,0.708,58.645,0.37,1.978
4620,"South",FALSE,TRUE,0.111,0.713,48.562,0.614,2.644
5791,"Northcentral",FALSE,FALSE,0.129,0.668,55.714,0.371,2.058
8371,"West",TRUE,TRUE,0.088,0.663,64.962,0.498,1.235
2205,"Northeast",FALSE,FALSE,0.111,0.765,61.353,0.407,2.142
7325,"Northcentral",FALSE,FALSE,0.099,0.704,60.76,0.376,1.979
4737,"Northcentral",FALSE,TRUE,0.108,0.752,58.427,0.448,2.239
7094,"West",FALSE,FALSE,0.138,0.665,56.699,0.582,2.302
3930,"Northeast",FALSE,TRUE,0.116,0.736,58.391,0.43,1.778
4295,"South",FALSE,FALSE,0.079,0.774,51.299,0.384,2.917
1519,"Northeast",FALSE,FALSE,0.129,0.66,56.133,0.336,2.722
2474,"South",TRUE,FALSE,0.102,0.678,53.363,0.567,2.2
9063,"Northeast",FALSE,FALSE,0.105,0.632,57.305,0.578,1.844
6955,"Northcentral",FALSE,FALSE,0.098,0.692,61.425,0.405,1.855
3976,"Northcentral",FALSE,FALSE,0.118,0.76,59.939,0.343,2.09
3207,"Northeast",FALSE,FALSE,0.103,0.648,59.354,0.235,1.993
8113,"South",FALSE,FALSE,0.105,0.692,51.768,0.549,2.255
1311,"West",FALSE,TRUE,0.136,0.645,55.277,0.248,2.183
8591,"South",FALSE,FALSE,0.111,0.599,47.799,0.616,2.264
6571,"Northcentral",FALSE,FALSE,0.117,0.615,57.099,0.723,2.099
9906,"Northeast",FALSE,FALSE,0.144,0.775,56.187,0.456,2.144
2562,"Northcentral",FALSE,FALSE,0.106,0.686,59.944,0.586,1.948
7170,"South",FALSE,FALSE,0.106,0.644,47.935,0.517,2.842
1895,"West",FALSE,FALSE,0.056,0.799,62.484,0.51,1.845
4450,"Northeast",TRUE,FALSE,0.092,0.71,66.7,0.458,1.282
9831,"Northeast",FALSE,FALSE,0.098,0.789,64.601,0.27,2.248
5548,"South",FALSE,FALSE,0.057,0.763,52.719,0.454,2.296
9605,"Northeast",TRUE,TRUE,0.122,0.706,60.897,0.497,1.424
2210,"West",FALSE,FALSE,0.14,0.668,55.315,0.443,1.774
5702,"Northeast",FALSE,FALSE,0.112,0.721,59.098,0.505,2.267
4688,"Northcentral",TRUE,TRUE,0.076,0.761,68.276,0.735,1.198
5035,"Northeast",FALSE,TRUE,0.067,0.653,62.17,0.743,2.469
5495,"Northeast",FALSE,TRUE,0.073,0.774,61.09,0.461,2.088
2461,"South",FALSE,FALSE,0.076,0.741,51.344,0.547,2.528
1388,"Northcentral",FALSE,FALSE,0.111,0.703,57.328,0.468,1.685
8805,"Northcentral",FALSE,FALSE,0.074,0.664,60.195,0.523,2.031
7872,"Northeast",FALSE,FALSE,0.078,0.765,65.267,0.2,1.719
4366,"Northeast",FALSE,FALSE,0.066,0.783,61.595,0.463,1.788
8833,"Northeast",FALSE,TRUE,0.089,0.753,60.37,0.192,1.959
9359,"West",FALSE,FALSE,0.132,0.631,56.251,0.531,2.297
1163,"Northeast",FALSE,TRUE,0.064,0.771,66.663,0.307,1.719
6531,"South",FALSE,FALSE,0.132,0.632,46.42,0.491,2.679
9430,"West",FALSE,FALSE,0.141,0.679,56.278,0.5,1.906
5575,"Northeast",FALSE,TRUE,0.13,0.616,54.889,0.571,2.041
7684,"Northeast",FALSE,FALSE,0.15,0.623,54.782,0.807,1.779
6924,"West",FALSE,TRUE,0.077,0.661,64.206,0.509,1.864
5788,"South",FALSE,FALSE,0.051,0.777,54.718,0.472,2.713
7657,"West",FALSE,TRUE,0.094,0.727,59.943,0.528,2.563
4182,"Northcentral",FALSE,FALSE,0.103,0.748,58.595,0.513,2.179
6106,"South",FALSE,FALSE,0.117,0.644,48.421,0.748,2.478
6107,"South",FALSE,FALSE,0.102,0.668,49.615,0.539,2.485
5685,"Northeast",FALSE,FALSE,0.132,0.611,55.574,0.443,2.258
8982,"Northeast",FALSE,FALSE,0.139,0.646,54.347,0.713,1.628
2839,"Northeast",FALSE,FALSE,0.099,0.697,62.327,0.591,1.951
9040,"West",TRUE,TRUE,0.125,0.655,61.084,0.384,1.381
2481,"Northeast",FALSE,FALSE,0.087,0.603,61.286,0.578,2.009
6853,"Northeast",TRUE,TRUE,0.08,0.724,66.1,0.389,1.661
8602,"Northcentral",FALSE,FALSE,0.051,0.779,63.336,0.505,2.437
1029,"Northeast",TRUE,FALSE,0.101,0.685,62.115,0.576,1.875
1283,"South",FALSE,FALSE,0.092,0.788,56.75,0.277,2.228
9491,"Northcentral",FALSE,FALSE,0.122,0.678,62.34,0.435,2.1
5125,"Northeast",FALSE,FALSE,0.072,0.739,64.14,0.411,1.902
4505,"West",FALSE,FALSE,0.055,0.647,60.631,0.457,1.748
2336,"Northeast",FALSE,FALSE,0.117,0.756,60.438,0.293,1.949
6685,"Northcentral",FALSE,FALSE,0.102,0.788,60.485,0.423,2.161
9223,"South",FALSE,FALSE,0.082,0.742,52.394,0.46,2.321
3686,"West",FALSE,FALSE,0.097,0.662,60.209,0.388,2.507
2077,"South",FALSE,FALSE,0.123,0.632,46.918,0.455,2.565
1540,"Northeast",TRUE,FALSE,0.137,0.649,59.499,0.174,1.601
6042,"Northeast",FALSE,FALSE,0.091,0.649,60.428,0.413,2.268
1641,"West",FALSE,FALSE,0.119,0.697,57.66,0.547,2.363
8622,"Northcentral",TRUE,TRUE,0.071,0.795,66.551,0.437,1.683
8045,"South",FALSE,TRUE,0.077,0.725,51.925,0.68,2.313
5955,"West",FALSE,FALSE,0.052,0.736,61.89,0.586,2.321
3525,"Northcentral",FALSE,FALSE,0.129,0.715,56.627,0.678,2.122
6503,"Northeast",FALSE,FALSE,0.069,0.666,59.333,0.705,2.166
9313,"Northcentral",FALSE,FALSE,0.064,0.77,65.46,0.503,2.104
7007,"Northcentral",TRUE,FALSE,0.116,0.675,63.138,0.469,1.397
9841,"Northcentral",FALSE,TRUE,0.135,0.728,55.915,0.416,2.169
7826,"Northcentral",FALSE,FALSE,0.082,0.648,60.961,0.542,1.996
1839,"West",FALSE,FALSE,0.147,0.641,55.217,0.487,1.723
4036,"West",FALSE,FALSE,0.114,0.689,60.112,0.58,1.968
1484,"Northeast",FALSE,TRUE,0.139,0.694,55.091,0.346,1.662
9291,"West",TRUE,FALSE,0.051,0.795,68.14,0.593,1.61
8885,"Northeast",FALSE,FALSE,0.133,0.69,61.329,0.575,2.069
8927,"West",FALSE,FALSE,0.105,0.655,57.615,0.599,2.067
5263,"Northcentral",FALSE,FALSE,0.111,0.725,58.153,0.561,2.08
8819,"West",TRUE,FALSE,0.091,0.739,64.603,0.405,1.476
8387,"Northcentral",FALSE,FALSE,0.081,0.794,61.672,0.623,2.036
8332,"Northeast",FALSE,FALSE,0.088,0.747,59.685,0.417,2.233
6946,"South",FALSE,FALSE,0.084,0.725,51.272,0.291,2.499
2969,"Northeast",TRUE,TRUE,0.136,0.671,60.537,0.476,1.89
6818,"South",TRUE,FALSE,0.071,0.656,54.106,0.587,1.589
2345,"Northeast",FALSE,FALSE,0.113,0.765,58.662,0.813,2.15
8654,"Northcentral",FALSE,FALSE,0.061,0.689,60.591,0.405,2.232
6952,"South",FALSE,FALSE,0.107,0.729,49.245,0.562,2.533
2453,"West",FALSE,FALSE,0.061,0.718,64.034,0.287,1.973
9650,"West",FALSE,FALSE,0.148,0.607,53.142,0.434,2.356
8457,"Northcentral",FALSE,FALSE,0.102,0.708,58.552,0.421,2.057
4004,"West",FALSE,TRUE,0.092,0.712,66.187,0.541,2.234
8744,"Northeast",FALSE,FALSE,0.053,0.717,62.106,0.162,2.173
1994,"West",FALSE,TRUE,0.126,0.724,59.697,0.381,2.184
3098,"Northeast",FALSE,FALSE,0.104,0.649,59.184,0.589,2.064
8599,"Northcentral",FALSE,TRUE,0.086,0.713,61.957,0.751,1.93
5969,"Northcentral",FALSE,FALSE,0.066,0.695,60.807,0.772,2.063
2775,"West",FALSE,FALSE,0.08,0.734,59.945,0.408,2.189
2803,"South",FALSE,FALSE,0.101,0.654,47.748,0.673,2.662
7565,"Northcentral",FALSE,FALSE,0.13,0.658,56.98,0.696,1.797
6162,"South",FALSE,FALSE,0.141,0.673,47.932,0.398,2.273
8345,"Northcentral",TRUE,FALSE,0.094,0.833,66.481,0.534,1.112
9384,"West",FALSE,TRUE,0.076,0.679,59.341,0.344,1.7
1094,"South",FALSE,FALSE,0.073,0.714,55.63,0.224,2.499
3640,"West",FALSE,TRUE,0.125,0.683,56.437,0.607,1.919
4365,"West",TRUE,TRUE,0.087,0.704,63.292,0.33,1.358
3643,"Northeast",FALSE,FALSE,0.111,0.698,59.691,0.782,1.89
8391,"West",FALSE,FALSE,0.093,0.752,60.976,0.423,1.83
5854,"Northcentral",FALSE,FALSE,0.139,0.635,58.525,0.446,2.305
2175,"West",FALSE,FALSE,0.119,0.734,57.138,0.657,2.376
7116,"South",FALSE,FALSE,0.059,0.789,55.02,0.558,2.225
4391,"Northeast",FALSE,FALSE,0.101,0.675,57.925,0.642,1.35
5476,"Northcentral",FALSE,FALSE,0.065,0.785,62.306,0.755,2.095
8149,"West",FALSE,FALSE,0.105,0.729,57.887,0.537,1.791
8156,"West",FALSE,TRUE,0.065,0.806,64.49,0.574,2.115
3326,"South",FALSE,FALSE,0.147,0.539,45.916,0.456,2.47
3760,"South",FALSE,FALSE,0.126,0.698,47.579,0.617,2.283
2347,"South",FALSE,FALSE,0.054,0.794,59.011,0.497,2.355
1131,"South",FALSE,FALSE,0.144,0.613,47.129,0.567,2.812
9924,"Northcentral",FALSE,FALSE,0.086,0.67,60.692,0.418,2.033
9010,"West",FALSE,FALSE,0.088,0.77,60.259,0.458,1.86
6032,"Northcentral",FALSE,FALSE,0.096,0.71,59.061,0.509,2.078
4650,"West",FALSE,FALSE,0.063,0.777,64.549,0.267,2.104
7837,"West",FALSE,FALSE,0.058,0.73,61.715,0.364,2.05
9370,"Northeast",FALSE,FALSE,0.115,0.713,60.773,0.558,1.751
8459,"Northeast",FALSE,FALSE,0.15,0.636,54.304,0.638,2.169
4748,"West",FALSE,FALSE,0.097,0.648,59.179,0.381,2.037
1255,"Northeast",FALSE,FALSE,0.08,0.68,63.523,0.374,1.862
3130,"South",FALSE,FALSE,0.116,0.765,51.664,0.399,2.704
2507,"Northcentral",FALSE,TRUE,0.135,0.612,54.86,0.661,2.056
6481,"West",FALSE,TRUE,0.095,0.7,58.527,0.529,1.619
9964,"Northeast",TRUE,FALSE,0.08,0.738,66.493,0.301,1.516
4970,"West",TRUE,TRUE,0.115,0.674,61.59,0.668,1.542
4130,"West",FALSE,FALSE,0.072,0.751,61.048,0.586,1.77
9247,"Northcentral",FALSE,TRUE,0.109,0.746,60.098,0.737,2.259
9815,"West",TRUE,FALSE,0.066,0.797,66.661,0.43,1.645
1917,"West",FALSE,FALSE,0.063,0.627,59.113,0.397,1.404
2138,"Northcentral",FALSE,FALSE,0.065,0.796,61.907,0.495,2.19
6218,"Northcentral",TRUE,TRUE,0.138,0.593,61.986,0.225,0.905
3965,"Northeast",TRUE,FALSE,0.05,0.697,66.168,0.475,1.548
8504,"West",FALSE,FALSE,0.052,0.679,62.224,0.498,2.039
3074,"South",TRUE,FALSE,0.128,0.655,51.549,0.441,2.125
1427,"South",TRUE,FALSE,0.15,0.748,52.005,0.422,2.371
6876,"West",FALSE,FALSE,0.083,0.778,63.004,0.502,2.149
9506,"South",FALSE,FALSE,0.06,0.751,51.966,0.626,2.419
6199,"Northcentral",FALSE,FALSE,0.107,0.755,59.264,0.588,1.95
7995,"Northeast",FALSE,FALSE,0.101,0.695,61.143,0.389,2.117
3549,"South",TRUE,TRUE,0.088,0.711,58.256,0.41,1.916
8409,"South",TRUE,FALSE,0.055,0.732,57.127,0.642,2.38
9585,"West",FALSE,FALSE,0.108,0.664,59.295,0.291,1.851
8650,"Northcentral",FALSE,FALSE,0.083,0.727,59.62,0.515,1.629
9816,"Northeast",FALSE,FALSE,0.068,0.681,62.564,0.325,1.686
7521,"South",FALSE,FALSE,0.134,0.665,47.08,0.607,2.461
1077,"West",TRUE,FALSE,0.091,0.661,69.917,0.523,1.468
4558,"Northeast",FALSE,TRUE,0.08,0.692,59.064,0.698,2.177
8496,"West",TRUE,TRUE,0.118,0.721,61.821,0.51,1.78
6036,"West",TRUE,FALSE,0.117,0.589,62.226,0.42,1.545
5059,"West",FALSE,FALSE,0.117,0.731,57.131,0.533,1.893
2105,"South",FALSE,FALSE,0.149,0.665,45.509,0.644,2.198
9132,"South",TRUE,TRUE,0.098,0.7,59.176,0.248,2.4
2378,"Northeast",TRUE,FALSE,0.129,0.623,58.864,0.743,1.533
9959,"Northcentral",TRUE,TRUE,0.055,0.719,70.16,0.418,1.54
3863,"South",FALSE,FALSE,0.114,0.704,48.777,0.5,2.656
4669,"South",FALSE,FALSE,0.123,0.656,46.669,0.481,2.772
7220,"Northeast",TRUE,TRUE,0.141,0.637,60.668,0.522,1.329
3706,"West",FALSE,FALSE,0.124,0.622,59.643,0.502,2.037
5809,"South",FALSE,FALSE,0.131,0.554,46.009,0.497,2.239
1758,"South",FALSE,FALSE,0.146,0.656,45.821,0.71,2.385
1806,"Northeast",FALSE,FALSE,0.095,0.747,61.227,0.651,2.402
3447,"West",TRUE,TRUE,0.055,0.869,69.141,0.429,1.399
8757,"West",FALSE,FALSE,0.095,0.749,60.378,0.406,2.13
7616,"Northeast",FALSE,FALSE,0.112,0.708,59.251,0.458,2.033
1548,"Northeast",FALSE,FALSE,0.115,0.663,56.956,0.597,2.179
2871,"West",FALSE,FALSE,0.095,0.61,56.707,0.681,1.727
9242,"Northeast",FALSE,FALSE,0.088,0.773,60.084,0.449,1.991
1820,"West",FALSE,FALSE,0.139,0.641,54.284,0.55,2.246
9836,"South",TRUE,FALSE,0.116,0.755,60.766,0.534,2.109
5743,"Northeast",FALSE,FALSE,0.107,0.623,62.188,0.524,2.009
3338,"Northcentral",FALSE,FALSE,0.118,0.666,56.447,0.442,2.198
5991,"West",FALSE,FALSE,0.061,0.723,60.704,0.54,2.365
9448,"South",FALSE,FALSE,0.129,0.637,47.262,0.567,2.45
1685,"South",TRUE,TRUE,0.074,0.677,54.394,0.424,2.247
1711,"Northeast",FALSE,FALSE,0.083,0.739,60.007,0.609,1.734
7183,"Northcentral",FALSE,TRUE,0.121,0.671,57.091,0.482,1.495
5363,"West",FALSE,FALSE,0.111,0.679,56.514,0.326,1.424
1325,"West",TRUE,FALSE,0.069,0.745,65.735,0.471,1.734
7339,"Northeast",FALSE,FALSE,0.103,0.725,57.922,0.704,2.098
2897,"Northeast",FALSE,FALSE,0.051,0.774,63.11,0.398,1.792
9674,"South",FALSE,FALSE,0.095,0.767,50.427,0.654,2.759
3198,"Northcentral",TRUE,FALSE,0.147,0.604,58.245,0.328,1.294
6323,"Northcentral",TRUE,TRUE,0.083,0.67,62.933,0.286,1.257
3522,"West",TRUE,FALSE,0.113,0.681,63.728,0.452,1.32
4109,"South",FALSE,TRUE,0.096,0.693,49.261,0.548,2.679
7234,"South",FALSE,TRUE,0.128,0.697,49.894,0.448,2.605
6232,"West",TRUE,TRUE,0.053,0.669,65.896,0.54,1.795
3185,"South",FALSE,FALSE,0.072,0.713,52.176,0.64,2.628
9280,"Northeast",FALSE,TRUE,0.139,0.655,55.1,0.557,1.794
8550,"Northeast",FALSE,FALSE,0.087,0.717,62.568,0.498,2.176
2349,"South",TRUE,FALSE,0.078,0.656,54.021,0.311,2.133
8292,"West",FALSE,FALSE,0.052,0.757,62.419,0.525,2.023
7453,"West",FALSE,TRUE,0.12,0.667,56.645,0.216,1.743
8159,"Northeast",TRUE,FALSE,0.145,0.737,65.321,0.588,1.658
8968,"Northeast",FALSE,FALSE,0.051,0.731,67.775,0.399,1.809
8880,"South",FALSE,TRUE,0.127,0.613,46.649,0.387,2.711
2661,"South",FALSE,TRUE,0.097,0.731,53.521,0.629,2.37
3755,"West",FALSE,TRUE,0.067,0.745,64.195,0.633,2.053
4422,"South",FALSE,FALSE,0.115,0.719,52.183,0.359,2.487
7956,"South",TRUE,TRUE,0.11,0.623,51.716,0.347,1.855
8171,"South",FALSE,FALSE,0.059,0.738,51.585,0.329,2.485
1844,"West",TRUE,TRUE,0.122,0.63,62.532,0.348,1.48
1568,"Northeast",FALSE,FALSE,0.075,0.673,60.601,0.508,1.931
8969,"South",FALSE,FALSE,0.066,0.784,55.773,0.509,2.898
4322,"South",FALSE,TRUE,0.05,0.832,55.465,0.573,2.31
4800,"Northcentral",FALSE,FALSE,0.067,0.717,63.499,0.779,2.112
7311,"Northcentral",FALSE,FALSE,0.086,0.743,60.424,0.708,2.165
1303,"Northeast",TRUE,TRUE,0.123,0.687,61.619,0.428,1.312
1999,"Northeast",TRUE,FALSE,0.132,0.594,59.784,0.467,1.827
9914,"Northcentral",FALSE,FALSE,0.117,0.708,59.72,0.466,1.686
4388,"South",FALSE,FALSE,0.146,0.64,46.079,0.622,2.351
9168,"Northeast",FALSE,FALSE,0.129,0.611,55.566,0.421,2.278
7056,"South",FALSE,FALSE,0.126,0.654,48.545,0.464,2.433
8814,"Northeast",FALSE,FALSE,0.09,0.788,61.684,0.651,2.075
5688,"West",FALSE,FALSE,0.078,0.774,63.758,0.838,1.695
4313,"Northeast",FALSE,FALSE,0.082,0.782,62.099,0.591,1.777
5722,"Northcentral",FALSE,FALSE,0.146,0.569,54.078,0.395,1.982
1384,"Northeast",FALSE,FALSE,0.134,0.622,54.322,0.438,2.058
4768,"Northcentral",FALSE,FALSE,0.148,0.696,59.739,0.6,1.587
9245,"Northcentral",FALSE,TRUE,0.119,0.71,59.725,0.563,2.115
5273,"South",FALSE,FALSE,0.075,0.664,50.816,0.584,2.356
6533,"Northcentral",FALSE,FALSE,0.121,0.688,57.035,0.668,2.311
6271,"Northeast",FALSE,FALSE,0.123,0.695,59.728,0.514,2.084
4591,"Northcentral",FALSE,TRUE,0.051,0.821,66.611,0.459,1.749
3886,"South",TRUE,TRUE,0.103,0.701,54.61,0.602,1.575
1086,"Northeast",FALSE,FALSE,0.053,0.673,60.942,0.528,2.497
8370,"South",FALSE,FALSE,0.083,0.727,52.401,0.774,1.857
4492,"South",TRUE,FALSE,0.082,0.765,58.025,0.579,2.227
1119,"South",FALSE,FALSE,0.056,0.714,52.507,0.647,2.685
7313,"Northcentral",FALSE,TRUE,0.093,0.78,66.158,0.565,1.903
3615,"Northcentral",FALSE,FALSE,0.146,0.695,61.658,0.652,1.72
4949,"Northcentral",FALSE,FALSE,0.132,0.637,55.656,0.657,1.843
5195,"South",TRUE,TRUE,0.069,0.639,56.868,0.771,1.931
3578,"West",FALSE,FALSE,0.108,0.658,57.292,0.445,1.782
7717,"Northeast",FALSE,TRUE,0.126,0.689,56.224,0.538,1.879
9603,"West",FALSE,FALSE,0.075,0.825,62.101,0.735,1.692
2444,"West",FALSE,FALSE,0.077,0.646,60.89,0.408,2.026
6373,"Northeast",FALSE,FALSE,0.065,0.743,61.535,0.447,1.78
3124,"Northeast",FALSE,FALSE,0.09,0.595,60.112,0.378,1.795
7939,"West",FALSE,FALSE,0.149,0.612,56.112,0.561,2.15
9555,"South",FALSE,FALSE,0.112,0.75,50.385,0.423,3.051
2559,"South",FALSE,FALSE,0.132,0.749,48.788,0.454,1.828
1508,"West",FALSE,FALSE,0.07,0.801,64.201,0.502,2.172
8189,"Northeast",TRUE,FALSE,0.118,0.64,61.393,0.507,1.439
3883,"Northeast",TRUE,TRUE,0.103,0.714,64.649,0.673,1.725
7376,"Northcentral",FALSE,TRUE,0.134,0.598,54.731,0.443,1.699
1083,"Northcentral",FALSE,FALSE,0.092,0.753,61.172,0.527,2.187
7853,"Northeast",TRUE,TRUE,0.094,0.639,62.612,0.685,1.607
3872,"Northcentral",FALSE,FALSE,0.102,0.643,59.967,0.456,2.051
9604,"West",FALSE,TRUE,0.064,0.777,61.59,0.407,2.157
7933,"South",TRUE,FALSE,0.085,0.73,55.046,0.526,1.778
5550,"West",FALSE,FALSE,0.074,0.685,64.338,0.614,1.876
7571,"West",FALSE,FALSE,0.079,0.591,57.027,0.309,1.918
9180,"Northcentral",FALSE,FALSE,0.064,0.778,61.448,0.318,2.131
2830,"Northcentral",FALSE,FALSE,0.096,0.709,58.058,0.423,1.873
9153,"West",FALSE,TRUE,0.15,0.653,57.156,0.562,1.541
6414,"Northcentral",FALSE,FALSE,0.13,0.617,54.573,0.634,2.264
3141,"Northcentral",FALSE,FALSE,0.062,0.838,63.786,0.491,1.652
7905,"West",FALSE,FALSE,0.123,0.674,56.241,0.433,2.281
2082,"West",FALSE,FALSE,0.073,0.777,62.777,0.599,2.055
6893,"West",FALSE,FALSE,0.074,0.752,60.587,0.655,1.941
4143,"South",FALSE,TRUE,0.117,0.713,47.903,0.406,3.337
6594,"South",TRUE,TRUE,0.103,0.643,52.213,0.508,1.922
4994,"South",FALSE,FALSE,0.089,0.748,55.344,0.42,2.398
3063,"West",FALSE,FALSE,0.104,0.657,58.212,0.515,1.952
6405,"West",FALSE,FALSE,0.055,0.714,63.594,0.777,1.477
1661,"Northeast",TRUE,FALSE,0.1,0.792,64.01,0.478,1.363
3101,"Northeast",FALSE,FALSE,0.11,0.59,56.096,0.576,2.108
3444,"Northeast",FALSE,FALSE,0.144,0.663,56.305,0.604,2.192
6521,"South",FALSE,FALSE,0.065,0.755,51.877,0.623,2.294
9640,"West",FALSE,FALSE,0.124,0.74,58.067,0.603,2.378
5751,"South",FALSE,FALSE,0.06,0.777,53.379,0.335,2.602
9694,"South",FALSE,FALSE,0.132,0.732,48.683,0.354,2.805
4066,"South",FALSE,FALSE,0.063,0.743,51.749,0.495,2.692
3218,"West",FALSE,FALSE,0.12,0.62,60.311,0.366,2.157
7016,"South",FALSE,TRUE,0.139,0.783,48.089,0.496,2.342
1404,"West",FALSE,TRUE,0.079,0.731,60.284,0.44,1.89
2154,"Northeast",FALSE,TRUE,0.094,0.658,58.252,0.578,1.963
1881,"Northeast",TRUE,TRUE,0.132,0.722,63.727,0.34,1.252
6788,"West",FALSE,FALSE,0.12,0.731,57.583,0.524,2.394
7230,"Northeast",FALSE,TRUE,0.113,0.721,58.814,0.387,1.9
2050,"South",TRUE,TRUE,0.079,0.644,57.433,0.294,2.072
8589,"South",FALSE,TRUE,0.097,0.756,52.827,0.674,2.846
2275,"South",TRUE,FALSE,0.097,0.708,53.552,0.46,2.085
4188,"Northeast",FALSE,FALSE,0.071,0.717,61.428,0.348,2.242
4827,"Northeast",FALSE,FALSE,0.092,0.729,61.048,0.5,2.237
1173,"South",FALSE,TRUE,0.083,0.738,50.648,0.777,2.286
7766,"South",FALSE,FALSE,0.147,0.597,44.685,0.541,2.373
8507,"Northeast",FALSE,FALSE,0.145,0.68,54.756,0.566,1.931
3290,"West",FALSE,FALSE,0.15,0.741,55.191,0.391,1.83
8760,"South",FALSE,FALSE,0.082,0.731,54.142,0.443,2.86
9624,"South",FALSE,FALSE,0.123,0.723,50.726,0.447,2.359
8538,"Northeast",TRUE,FALSE,0.115,0.562,58.677,0.417,1.391
1198,"Northeast",FALSE,TRUE,0.063,0.725,60.602,0.431,2.059
9327,"Northcentral",FALSE,FALSE,0.105,0.698,58.254,0.691,1.806
5563,"West",FALSE,FALSE,0.084,0.777,60.598,0.506,1.751
6473,"Northeast",TRUE,FALSE,0.097,0.706,64.101,0.499,1.728
3428,"Northeast",FALSE,FALSE,0.099,0.763,60.784,0.657,2.046
8413,"Northcentral",FALSE,TRUE,0.058,0.751,61.764,0.244,1.648
9045,"West",FALSE,TRUE,0.112,0.722,57.597,0.468,1.878
5275,"South",FALSE,FALSE,0.149,0.595,46.178,0.447,2.536
3963,"West",FALSE,FALSE,0.068,0.726,61.332,0.398,2.064
3267,"West",FALSE,FALSE,0.128,0.769,57.408,0.542,1.725
1099,"Northcentral",FALSE,FALSE,0.118,0.635,57.744,0.455,2.258
6907,"Northeast",TRUE,TRUE,0.127,0.58,59.634,0.44,1.491
9322,"West",TRUE,FALSE,0.121,0.643,64.538,0.321,2.125
6194,"Northeast",FALSE,FALSE,0.075,0.831,63.75,0.453,1.941
3938,"South",FALSE,FALSE,0.087,0.789,51.296,0.429,2.726
7107,"Northeast",FALSE,FALSE,0.082,0.704,59.345,0.54,1.439
2003,"South",FALSE,FALSE,0.116,0.605,46.977,0.376,2.223
6229,"South",TRUE,TRUE,0.099,0.686,54.438,0.562,2.002
8706,"Northcentral",TRUE,FALSE,0.053,0.712,66.665,0.512,1.329
5362,"Northeast",FALSE,FALSE,0.142,0.639,58.518,0.434,2.039
3164,"West",FALSE,FALSE,0.103,0.634,58.246,0.274,1.645
7262,"Northeast",FALSE,FALSE,0.102,0.789,64.773,0.282,1.706
5069,"West",TRUE,FALSE,0.126,0.754,64.032,0.472,1.055
5240,"Northeast",FALSE,FALSE,0.121,0.661,59.463,0.572,2.493
2501,"Northcentral",FALSE,FALSE,0.082,0.77,60.371,0.47,2.231
2335,"Northeast",FALSE,TRUE,0.096,0.693,57.741,0.643,1.892
9447,"Northeast",FALSE,FALSE,0.076,0.736,60.202,0.426,2.108
2820,"Northeast",FALSE,FALSE,0.122,0.721,56.803,0.614,1.894
9376,"South",FALSE,FALSE,0.09,0.771,50.702,0.118,3.039
2000,"Northeast",FALSE,FALSE,0.054,0.833,63.668,0.708,1.915
8144,"Northcentral",TRUE,FALSE,0.146,0.687,60.079,0.661,1.132
3931,"Northcentral",TRUE,FALSE,0.123,0.668,61.237,0.53,1.393
8390,"South",TRUE,FALSE,0.086,0.686,56.234,0.531,1.737
2043,"Northcentral",FALSE,FALSE,0.145,0.708,55.552,0.352,2.213
6140,"West",FALSE,TRUE,0.095,0.675,57.485,0.322,1.583
7330,"South",FALSE,FALSE,0.063,0.659,50.234,0.412,2.469
3127,"South",TRUE,TRUE,0.059,0.769,57.942,0.523,1.873
8674,"Northcentral",FALSE,FALSE,0.131,0.733,58.164,0.469,2.337
7172,"Northcentral",FALSE,TRUE,0.134,0.718,61.37,0.648,1.562
1859,"Northeast",FALSE,FALSE,0.054,0.794,63.648,0.513,1.828
4392,"West",FALSE,FALSE,0.082,0.819,61.477,0.412,1.962
1644,"Northcentral",FALSE,FALSE,0.071,0.758,62.552,0.529,2.184
4387,"South",FALSE,FALSE,0.144,0.637,47.888,0.597,2.38
7645,"West",FALSE,FALSE,0.104,0.774,61.463,0.425,1.942
6581,"Northeast",FALSE,TRUE,0.062,0.779,61.735,0.394,2.236
7516,"West",TRUE,TRUE,0.095,0.735,63.134,0.554,1.494
3138,"South",FALSE,FALSE,0.119,0.662,53.638,0.783,2.518
1680,"West",FALSE,TRUE,0.13,0.688,55.856,0.662,2.265
2247,"Northeast",FALSE,FALSE,0.055,0.768,65.259,0.274,1.704
2456,"West",FALSE,FALSE,0.12,0.665,55.967,0.631,2.09
9227,"West",FALSE,FALSE,0.142,0.766,56.15,0.619,1.839
7792,"West",FALSE,TRUE,0.05,0.749,63.471,0.483,1.663
1956,"West",FALSE,TRUE,0.112,0.702,57.893,0.423,2.269
7215,"Northeast",FALSE,FALSE,0.123,0.777,60.781,0.499,1.945
6766,"Northeast",FALSE,FALSE,0.135,0.639,56.325,0.675,2.142
4200,"Northcentral",FALSE,FALSE,0.063,0.716,60.75,0.648,2.168
5269,"West",FALSE,TRUE,0.123,0.696,58.564,0.399,1.887
